Feature,Coefficient,Abs_Coeff,Importance,Final_Score
OverTime_Flag,0.8807558991690613,0.8807558991690613,0.09177449129640994,1.3859810405311586
Satisfaction_Score,-0.5248535978191862,0.5248535978191862,0.12436225786027605,1.1189498760833825
MonthlyIncome,-0.10287171495827606,0.10287171495827606,0.2377694281825778,1.116799348213653
Age,-0.19075639975738695,0.19075639975738695,0.16052178191649863,0.8916979097102689
TotalWorkingYears,-0.14900239289941913,0.14900239289941913,0.1278609443885113,0.7069274101106742
Work_Stress_Index,-0.2769668331280195,0.2769668331280195,0.08963321252654673,0.6914402660143244
YearsAtCompany,-0.1487542844525768,0.1487542844525768,0.12290861147544607,0.6858174109527425
JobLevel,-0.24870661678836692,0.24870661678836692,0.0451692723537336,0.4723494992852051
